"X","instant","dteday","season","weathersit","temp","casual","registered","total_user","low_usage"
13,13,"2011-01-13",1,1,6.8,38,1368,1406,1
14,14,"2011-01-14",1,1,6.6,54,1367,1421,1
15,15,"2011-01-15",1,2,9.6,222,1026,1248,1
16,16,"2011-01-16",1,1,9.5,251,953,1204,1
17,17,"2011-01-17",1,2,7.2,117,883,1000,1
18,18,"2011-01-18",1,2,8.9,9,674,683,1
19,19,"2011-01-19",1,2,12,78,1572,1650,1
20,20,"2011-01-20",1,2,10.7,83,1844,1927,1
21,21,"2011-01-21",1,1,7.3,75,1468,1543,1
22,22,"2011-01-22",1,1,2.4,93,888,981,1
23,23,"2011-01-23",1,1,4,150,836,986,1
24,24,"2011-01-24",1,1,4,86,1330,1416,1
25,25,"2011-01-25",1,2,9.2,186,1799,1985,1
26,26,"2011-01-26",1,3,8.9,34,472,506,1
27,27,"2011-01-27",1,1,8,15,416,431,1
28,28,"2011-01-28",1,2,8.3,38,1129,1167,1
29,29,"2011-01-29",1,1,8.1,123,975,1098,1
30,30,"2011-01-30",1,1,8.9,140,956,1096,1
31,31,"2011-01-31",1,2,7.4,42,1459,1501,1
32,32,"2011-02-01",1,2,7.9,47,1313,1360,1
33,33,"2011-02-02",1,2,10.7,72,1454,1526,1
34,34,"2011-02-03",1,1,7.7,61,1489,1550,1
35,35,"2011-02-04",1,2,8.7,88,1620,1708,1
36,36,"2011-02-05",1,2,9.6,100,905,1005,1
37,37,"2011-02-06",1,1,11.7,354,1269,1623,1
38,38,"2011-02-07",1,1,11.1,120,1592,1712,1
39,39,"2011-02-08",1,1,9.1,64,1466,1530,1
40,40,"2011-02-09",1,2,5.5,53,1552,1605,1
41,41,"2011-02-10",1,1,5.9,47,1491,1538,1
42,42,"2011-02-11",1,1,7.8,149,1597,1746,1
43,43,"2011-02-12",1,1,9.1,288,1184,1472,1
44,44,"2011-02-13",1,1,13,397,1192,1589,1
45,45,"2011-02-14",1,1,17,208,1705,1913,1
46,46,"2011-02-15",1,1,10.9,140,1675,1815,1
47,47,"2011-02-16",1,1,13,218,1897,2115,1
48,48,"2011-02-17",1,1,17.9,259,2216,2475,0
49,49,"2011-02-18",1,1,21.4,579,2348,2927,0
50,50,"2011-02-19",1,1,16.4,532,1103,1635,1
51,51,"2011-02-20",1,1,11.7,639,1173,1812,1
52,52,"2011-02-21",1,2,12.4,195,912,1107,1
53,53,"2011-02-22",1,1,7.5,74,1376,1450,1
54,54,"2011-02-23",1,1,9.1,139,1778,1917,1
55,55,"2011-02-24",1,2,12.1,100,1707,1807,1
56,56,"2011-02-25",1,2,14.9,120,1341,1461,1
57,57,"2011-02-26",1,1,11.6,424,1545,1969,1
58,58,"2011-02-27",1,1,14.1,694,1708,2402,0
59,59,"2011-02-28",1,2,16.7,81,1365,1446,1
60,60,"2011-03-01",1,1,10.9,137,1714,1851,1
61,61,"2011-03-02",1,1,13.7,231,1903,2134,1
62,62,"2011-03-03",1,1,8.1,123,1562,1685,1
63,63,"2011-03-04",1,2,10.7,214,1730,1944,1
64,64,"2011-03-05",1,2,15.8,640,1437,2077,1
65,65,"2011-03-06",1,2,15.4,114,491,605,1
66,66,"2011-03-07",1,1,10.7,244,1628,1872,1
67,67,"2011-03-08",1,1,12,316,1817,2133,1
68,68,"2011-03-09",1,2,12.1,191,1700,1891,1
69,69,"2011-03-10",1,3,16,46,577,623,1
70,70,"2011-03-11",1,2,13,247,1730,1977,1
71,71,"2011-03-12",1,1,13.5,724,1408,2132,1
72,72,"2011-03-13",1,1,15.8,982,1435,2417,0
73,73,"2011-03-14",1,1,13.3,359,1687,2046,1
74,74,"2011-03-15",1,2,13,289,1767,2056,1
75,75,"2011-03-16",1,2,15,321,1871,2192,0
76,76,"2011-03-17",1,1,17,424,2320,2744,0
77,77,"2011-03-18",1,1,22.1,884,2355,3239,0
78,78,"2011-03-19",1,1,19.4,1424,1693,3117,0
79,79,"2011-03-20",1,1,13.6,1047,1424,2471,0
80,80,"2011-03-21",2,2,17.6,401,1676,2077,1
81,81,"2011-03-22",2,1,18.1,460,2243,2703,0
82,82,"2011-03-23",2,2,14.2,203,1918,2121,1
83,83,"2011-03-24",2,2,11.7,166,1699,1865,1
84,84,"2011-03-25",2,1,10.8,300,1910,2210,0
85,85,"2011-03-26",2,1,10.9,981,1515,2496,0
86,86,"2011-03-27",2,2,10.4,472,1221,1693,1
87,87,"2011-03-28",2,1,10.8,222,1806,2028,1
88,88,"2011-03-29",2,1,12.4,317,2108,2425,0
89,89,"2011-03-30",2,2,12.3,168,1368,1536,1
90,90,"2011-03-31",2,3,11,179,1506,1685,1
91,91,"2011-04-01",2,2,12.3,307,1920,2227,0
92,92,"2011-04-02",2,2,12.9,898,1354,2252,0
93,93,"2011-04-03",2,1,15.5,1651,1598,3249,0
94,94,"2011-04-04",2,1,23.5,734,2381,3115,0
95,95,"2011-04-05",2,2,17,167,1628,1795,1
96,96,"2011-04-06",2,1,16,413,2395,2808,0
97,97,"2011-04-07",2,1,17.9,571,2570,3141,0
98,98,"2011-04-08",2,2,13.8,172,1299,1471,1
99,99,"2011-04-09",2,2,14,879,1576,2455,0
100,100,"2011-04-10",2,2,17.5,1188,1707,2895,0
101,101,"2011-04-11",2,2,24.4,855,2493,3348,0
102,102,"2011-04-12",2,2,20.6,257,1777,2034,1
103,103,"2011-04-13",2,2,16.9,209,1953,2162,1
104,104,"2011-04-14",2,1,19.2,529,2738,3267,0
105,105,"2011-04-15",2,1,18.3,642,2484,3126,0
106,106,"2011-04-16",2,3,17.7,121,674,795,1
107,107,"2011-04-17",2,1,18.7,1558,2186,3744,0
108,108,"2011-04-18",2,1,21,669,2760,3429,0
109,109,"2011-04-19",2,2,20.7,409,2795,3204,0
110,110,"2011-04-20",2,1,24.4,613,3331,3944,0
111,111,"2011-04-21",2,1,18.8,745,3444,4189,0
112,112,"2011-04-22",2,2,13.8,177,1506,1683,1
113,113,"2011-04-23",2,2,18.9,1462,2574,4036,0
114,114,"2011-04-24",2,2,23.8,1710,2481,4191,0
115,115,"2011-04-25",2,1,24.9,773,3300,4073,0
116,116,"2011-04-26",2,1,25.9,678,3722,4400,0
117,117,"2011-04-27",2,2,25.4,547,3325,3872,0
118,118,"2011-04-28",2,2,25.3,569,3489,4058,0
119,119,"2011-04-29",2,1,20.9,878,3717,4595,0
120,120,"2011-04-30",2,1,19.4,1965,3347,5312,0
121,121,"2011-05-01",2,2,18.5,1138,2213,3351,0
122,122,"2011-05-02",2,2,22.5,847,3554,4401,0
123,123,"2011-05-03",2,2,25.3,603,3848,4451,0
124,124,"2011-05-04",2,2,17,255,2378,2633,0
125,125,"2011-05-05",2,1,18.8,614,3819,4433,0
126,126,"2011-05-06",2,1,19.6,894,3714,4608,0
127,127,"2011-05-07",2,1,21.3,1612,3102,4714,0
128,128,"2011-05-08",2,1,21.7,1401,2932,4333,0
129,129,"2011-05-09",2,1,21.8,664,3698,4362,0
130,130,"2011-05-10",2,1,21.8,694,4109,4803,0
131,131,"2011-05-11",2,1,22.2,550,3632,4182,0
132,132,"2011-05-12",2,1,21.9,695,4169,4864,0
133,133,"2011-05-13",2,2,21,692,3413,4105,0
134,134,"2011-05-14",2,2,21.4,902,2507,3409,0
135,135,"2011-05-15",2,2,23.1,1582,2971,4553,0
136,136,"2011-05-16",2,1,23.7,773,3185,3958,0
137,137,"2011-05-17",2,2,23,678,3445,4123,0
138,138,"2011-05-18",2,2,22.6,536,3319,3855,0
139,139,"2011-05-19",2,2,21.8,735,3840,4575,0
140,140,"2011-05-20",2,1,22,909,4008,4917,0
141,141,"2011-05-21",2,1,24.7,2258,3547,5805,0
142,142,"2011-05-22",2,1,24.8,1576,3084,4660,0
143,143,"2011-05-23",2,2,25.9,836,3438,4274,0
144,144,"2011-05-24",2,2,27.1,659,3833,4492,0
145,145,"2011-05-25",2,1,27.1,740,4238,4978,0
146,146,"2011-05-26",2,1,29,758,3919,4677,0
147,147,"2011-05-27",2,1,27.9,871,3808,4679,0
148,148,"2011-05-28",2,1,26.9,2001,2757,4758,0
149,149,"2011-05-29",2,1,27.4,2355,2433,4788,0
150,150,"2011-05-30",2,1,30.1,1549,2549,4098,0
151,151,"2011-05-31",2,1,31.8,673,3309,3982,0
152,152,"2011-06-01",2,2,31.3,513,3461,3974,0
153,153,"2011-06-02",2,1,29.3,736,4232,4968,0
154,154,"2011-06-03",2,1,25.4,898,4414,5312,0
155,155,"2011-06-04",2,1,26,1869,3473,5342,0
156,156,"2011-06-05",2,2,26.6,1685,3221,4906,0
157,157,"2011-06-06",2,1,27.8,673,3875,4548,0
158,158,"2011-06-07",2,1,29,763,4070,4833,0
159,159,"2011-06-08",2,1,31.8,676,3725,4401,0
160,160,"2011-06-09",2,2,33.1,563,3352,3915,0
161,161,"2011-06-10",2,1,31,815,3771,4586,0
162,162,"2011-06-11",2,1,29.7,1729,3237,4966,0
163,163,"2011-06-12",2,1,28.4,1467,2993,4460,0
164,164,"2011-06-13",2,1,26,863,4157,5020,0
165,165,"2011-06-14",2,1,24.8,727,4164,4891,0
166,166,"2011-06-15",2,1,25.7,769,4411,5180,0
167,167,"2011-06-16",2,2,25.8,545,3222,3767,0
168,168,"2011-06-17",2,1,26.6,863,3981,4844,0
169,169,"2011-06-18",2,1,28.6,1807,3312,5119,0
170,170,"2011-06-19",2,2,28.7,1639,3105,4744,0
171,171,"2011-06-20",2,2,26,699,3311,4010,0
172,172,"2011-06-21",3,2,27.9,774,4061,4835,0
173,173,"2011-06-22",3,1,30.1,661,3846,4507,0
174,174,"2011-06-23",3,2,29.9,746,4044,4790,0
175,175,"2011-06-24",3,1,29.7,969,4022,4991,0
176,176,"2011-06-25",3,1,28.5,1782,3420,5202,0
177,177,"2011-06-26",3,1,27.9,1920,3385,5305,0
178,178,"2011-06-27",3,2,28,854,3854,4708,0
179,179,"2011-06-28",3,1,30.5,732,3916,4648,0
180,180,"2011-06-29",3,1,29.9,848,4377,5225,0
181,181,"2011-06-30",3,1,28.6,1027,4488,5515,0
182,182,"2011-07-01",3,1,29.6,1246,4116,5362,0
183,183,"2011-07-02",3,1,30.3,2204,2915,5119,0
184,184,"2011-07-03",3,2,29.4,2282,2367,4649,0
185,185,"2011-07-04",3,2,29.8,3065,2978,6043,0
186,186,"2011-07-05",3,1,30.6,1031,3634,4665,0
187,187,"2011-07-06",3,1,29.5,784,3845,4629,0
188,188,"2011-07-07",3,1,30.8,754,3838,4592,0
189,189,"2011-07-08",3,2,29.1,692,3348,4040,0
190,190,"2011-07-09",3,1,30.1,1988,3348,5336,0
191,191,"2011-07-10",3,1,30.6,1743,3138,4881,0
192,192,"2011-07-11",3,1,31.3,723,3363,4086,0
193,193,"2011-07-12",3,1,32.6,662,3596,4258,0
194,194,"2011-07-13",3,1,30.6,748,3594,4342,0
195,195,"2011-07-14",3,1,27.9,888,4196,5084,0
196,196,"2011-07-15",3,1,27.2,1318,4220,5538,0
197,197,"2011-07-16",3,1,28.2,2418,3505,5923,0
198,198,"2011-07-17",3,1,29.5,2006,3296,5302,0
199,199,"2011-07-18",3,1,30.6,841,3617,4458,0
200,200,"2011-07-19",3,1,31.8,752,3789,4541,0
201,201,"2011-07-20",3,1,31.5,644,3688,4332,0
202,202,"2011-07-21",3,2,33.4,632,3152,3784,0
203,203,"2011-07-22",3,1,34.8,562,2825,3387,0
204,204,"2011-07-23",3,1,34.8,987,2298,3285,0
205,205,"2011-07-24",3,1,34,1050,2556,3606,0
206,206,"2011-07-25",3,1,30.5,568,3272,3840,0
207,207,"2011-07-26",3,1,31.6,750,3840,4590,0
208,208,"2011-07-27",3,1,31.8,755,3901,4656,0
209,209,"2011-07-28",3,1,31.9,606,3784,4390,0
210,210,"2011-07-29",3,1,34.4,670,3176,3846,0
211,211,"2011-07-30",3,1,33,1559,2916,4475,0
212,212,"2011-07-31",3,1,33,1524,2778,4302,0
213,213,"2011-08-01",3,1,31.6,729,3537,4266,0
214,214,"2011-08-02",3,1,32.1,801,4044,4845,0
215,215,"2011-08-03",3,2,30,467,3107,3574,0
216,216,"2011-08-04",3,2,29.1,799,3777,4576,0
217,217,"2011-08-05",3,1,29.1,1023,3843,4866,0
218,218,"2011-08-06",3,2,29.4,1521,2773,4294,0
219,219,"2011-08-07",3,1,30.4,1298,2487,3785,0
220,220,"2011-08-08",3,1,31.4,846,3480,4326,0
221,221,"2011-08-09",3,1,31.8,907,3695,4602,0
222,222,"2011-08-10",3,1,31.4,884,3896,4780,0
223,223,"2011-08-11",3,1,29.4,812,3980,4792,0
224,224,"2011-08-12",3,1,29,1051,3854,4905,0
225,225,"2011-08-13",3,2,28.1,1504,2646,4150,0
226,226,"2011-08-14",3,2,27.7,1338,2482,3820,0
227,227,"2011-08-15",3,1,27.3,775,3563,4338,0
228,228,"2011-08-16",3,1,28.7,721,4004,4725,0
229,229,"2011-08-17",3,1,29.7,668,4026,4694,0
230,230,"2011-08-18",3,1,29.2,639,3166,3805,0
231,231,"2011-08-19",3,2,28.1,797,3356,4153,0
232,232,"2011-08-20",3,1,28.6,1914,3277,5191,0
233,233,"2011-08-21",3,1,29.1,1249,2624,3873,0
234,234,"2011-08-22",3,1,28.4,833,3925,4758,0
235,235,"2011-08-23",3,1,26.3,1281,4614,5895,0
236,236,"2011-08-24",3,1,27.6,949,4181,5130,0
237,237,"2011-08-25",3,2,28.1,435,3107,3542,0
238,238,"2011-08-26",3,1,28.7,768,3893,4661,0
239,239,"2011-08-27",3,2,27.9,226,889,1115,1
240,240,"2011-08-28",3,1,29,1415,2919,4334,0
241,241,"2011-08-29",3,1,26.1,729,3905,4634,0
242,242,"2011-08-30",3,1,26.2,775,4429,5204,0
243,243,"2011-08-31",3,1,26.9,688,4370,5058,0
244,244,"2011-09-01",3,1,26.9,783,4332,5115,0
245,245,"2011-09-02",3,2,26.4,875,3852,4727,0
246,246,"2011-09-03",3,1,27.4,1935,2549,4484,0
247,247,"2011-09-04",3,1,29.1,2521,2419,4940,0
248,248,"2011-09-05",3,2,27.6,1236,2115,3351,0
249,249,"2011-09-06",3,3,22.1,204,2506,2710,0
250,250,"2011-09-07",3,3,24.6,118,1878,1996,1
251,251,"2011-09-08",3,3,26,153,1689,1842,1
252,252,"2011-09-09",3,2,26.7,417,3127,3544,0
253,253,"2011-09-10",3,1,27.1,1750,3595,5345,0
254,254,"2011-09-11",3,1,26.8,1633,3413,5046,0
255,255,"2011-09-12",3,1,26.4,690,4023,4713,0
256,256,"2011-09-13",3,1,26.7,701,4062,4763,0
257,257,"2011-09-14",3,1,27.6,647,4138,4785,0
258,258,"2011-09-15",3,2,23.7,428,3231,3659,0
259,259,"2011-09-16",3,2,19.2,742,4018,4760,0
260,260,"2011-09-17",3,2,20.2,1434,3077,4511,0
261,261,"2011-09-18",3,1,20.8,1353,2921,4274,0
262,262,"2011-09-19",3,2,22.5,691,3848,4539,0
263,263,"2011-09-20",3,2,23,438,3203,3641,0
264,264,"2011-09-21",3,2,24.4,539,3813,4352,0
265,265,"2011-09-22",3,2,25.8,555,4240,4795,0
266,266,"2011-09-23",4,2,25,258,2137,2395,0
267,267,"2011-09-24",4,2,24.9,1776,3647,5423,0
268,268,"2011-09-25",4,2,26,1544,3466,5010,0
269,269,"2011-09-26",4,2,26.6,684,3946,4630,0
270,270,"2011-09-27",4,2,26.1,477,3643,4120,0
271,271,"2011-09-28",4,2,26,480,3427,3907,0
272,272,"2011-09-29",4,1,25.3,653,4186,4839,0
273,273,"2011-09-30",4,1,23.1,830,4372,5202,0
274,274,"2011-10-01",4,2,16.8,480,1949,2429,0
275,275,"2011-10-02",4,2,14.6,616,2302,2918,0
276,276,"2011-10-03",4,2,15.8,330,3240,3570,0
277,277,"2011-10-04",4,1,19.9,486,3970,4456,0
278,278,"2011-10-05",4,1,22.1,559,4267,4826,0
279,279,"2011-10-06",4,1,20.3,639,4126,4765,0
280,280,"2011-10-07",4,1,20.9,949,4036,4985,0
281,281,"2011-10-08",4,1,21.4,2235,3174,5409,0
282,282,"2011-10-09",4,1,22.2,2397,3114,5511,0
283,283,"2011-10-10",4,1,23.4,1514,3603,5117,0
284,284,"2011-10-11",4,2,23.2,667,3896,4563,0
285,285,"2011-10-12",4,3,22.3,217,2199,2416,0
286,286,"2011-10-13",4,2,24.2,290,2623,2913,0
287,287,"2011-10-14",4,2,22.6,529,3115,3644,0
288,288,"2011-10-15",4,1,20.8,1899,3318,5217,0
289,289,"2011-10-16",4,1,21,1748,3293,5041,0
290,290,"2011-10-17",4,1,21.9,713,3857,4570,0
291,291,"2011-10-18",4,2,21.8,637,4111,4748,0
292,292,"2011-10-19",4,3,22.2,254,2170,2424,0
293,293,"2011-10-20",4,1,19.5,471,3724,4195,0
294,294,"2011-10-21",4,1,17.5,676,3628,4304,0
295,295,"2011-10-22",4,1,17.3,1499,2809,4308,0
296,296,"2011-10-23",4,1,17.3,1619,2762,4381,0
297,297,"2011-10-24",4,1,19,699,3488,4187,0
298,298,"2011-10-25",4,1,19.3,695,3992,4687,0
299,299,"2011-10-26",4,2,19.9,404,3490,3894,0
300,300,"2011-10-27",4,2,19.3,240,2419,2659,0
301,301,"2011-10-28",4,2,13.6,456,3291,3747,0
302,302,"2011-10-29",4,3,10.4,57,570,627,1
303,303,"2011-10-30",4,1,13.1,885,2446,3331,0
304,304,"2011-10-31",4,1,13.9,362,3307,3669,0
305,305,"2011-11-01",4,1,16.4,410,3658,4068,0
306,306,"2011-11-02",4,1,15.5,370,3816,4186,0
307,307,"2011-11-03",4,1,16.7,318,3656,3974,0
308,308,"2011-11-04",4,2,16.5,470,3576,4046,0
309,309,"2011-11-05",4,1,13.4,1156,2770,3926,0
310,310,"2011-11-06",4,1,14.3,952,2697,3649,0
311,311,"2011-11-07",4,1,16.2,373,3662,4035,0
312,312,"2011-11-08",4,1,16.7,376,3829,4205,0
